,,Snapshots,,,,,,,Short term returns,,,,,Long term Returns,,,,,SIP returns,,,,,Annual returns,,,,,,,,,,Quarternary returns,,,,,,,,,,,,Monthly Returns,,,,,,,,,,,,Weekly returns,,,,,,,,,,,,Portfolio,,,,,,,Risk,,,,,,,,,NAV details,,,,Fees & details,,
Funds,Plan Type,Rating,1 Yr Ret (%),Riskometer,Category,Expense Ratio (%),Launch,AUM(Cr),1 Wk Ret (%),1 Mth Ret (%),3 Mth Ret (%),6 Mth Ret (%),1 Yr Ret (%),3 Yr Ret (%),5 Yr Ret (%),10 Yr Ret (%),15 Yr Ret (%),20 Yr Ret (%),3 Yr SIP Ret (%),5 Yr SIP Ret (%),10 Yr SIP Ret (%),15 Yr SIP Ret (%),20 Yr SIP Ret (%),2015,2016,2017,2018,2019,2020,2021,2022,2023,2024,Dec-22,Mar-23,Jun-23,Sep-23,Dec-23,Mar-24,Jun-24,Sep-24,Dec-24,Mar-25,Jun-25,Sep-25,Nov-24,Dec-24,Jan-25,Feb-25,Mar-25,Apr-25,May-25,Jun-25,Jul-25,Aug-25,Sep-25,Oct-25,22-Aug,29-Aug,05-Sep,12-Sep,19-Sep,26-Sep,03-Oct,10-Oct,17-Oct,24-Oct,31-Oct,07-Nov,Equity Fund Style,Market Cap,Turnover,Bond Fund Style,Avg. Credit Quality,Avg. Maturity (Yrs),Yield to Maturity (%),Fund Risk Grade,Fund Return Grade,Standard Deviation,Sharpe Ratio,Sortino Ratio,Beta,Alpha,Information Ratio,R-Squared,Latest NAV,Previous NAV,52-Week High NAV,52-Week Low NAV,Minimum Investment,Exit Load (Period),Fund Manager (Tenure)
Aditya Birla Sun Life Conservative Hybrid Active FoF - Regular Plan,Regular,--,7.11,High,HY-CH,0.97,09/05/11,16,-0.08,0.38,2.27,3.92,7.11,11.84,10.77,9.14,--,--,10.6,10.43,9.79,--,--,4.62,8.11,11,3.09,5.89,14.14,10.59,4.16,15.85,11.74,2.61,0.94,4.74,3.95,5.42,2.7,6.04,4.91,-2.1,0.94,4.58,-0.18,-0.12,0.14,-0.37,-1.85,3.22,2.45,1.33,0.74,-0.32,-0.94,1.09,1.47,0.31,-0.81,0.75,0.39,0.49,-0.59,0.59,0.55,0.35,0.05,-0.04,-0.09,Growth,"1,98,065",--,High,AAA,--,--,--,--,4.54,1.14,1.71,1.15,1.4,1.11,0.87,34.66,34.62,34.76,31.69,100,1.00 (365),Vinod Bhat (6.2)
Aditya Birla Sun Life Regular Savings Fund - Regular Plan,Regular,4,7.46,Moderately High,HY-CH,1.83,22/05/04,"1,547",-0.21,0.55,2.26,4.8,7.46,9.28,10.38,8.77,9.27,9.21,9.44,9,8.66,9.32,9.32,5.4,13.12,15.52,-2.15,5.83,9.23,13.36,5.33,9.64,10.45,1.94,-0.1,4.32,1.87,3.26,1.77,4.08,4.06,0.21,0.9,4.01,0.54,0.54,0.11,-0.93,-0.6,2.46,1.62,1.33,1.01,0.23,-0.5,0.82,1.49,0.29,-0.54,0.57,0.33,0.32,-0.46,0.35,0.58,0.54,0.01,0.07,-0.16,Growth,"2,27,266",129,High,AAA,7.61,7.4,Below Average,Above Average,3.03,0.9,1.64,0.76,0.24,-0.37,0.85,68.37,68.32,68.63,62.87,"1,000",1.00 (90),"Harshil Suvarnkar (4.6), Mohit Sharma (1)"
Aditya Birla Sun Life Retirement Fund - The 50s Plan - Regular Plan,Regular,2,5.93,Moderately High,HY-CH,1.93,11/03/19,27,-0.15,0.73,2.49,4.48,5.93,8.57,5.72,--,--,--,8.27,7.32,--,--,--,--,--,--,--,--,7.86,1.92,1.47,9.98,9.16,2.32,-0.3,3.94,2.87,3.17,1.75,3.71,4.11,-0.64,0,3.58,0.26,0.44,-0.01,-1.08,-1.26,2.38,1.53,1.21,0.8,0.01,-0.46,0.71,1.56,0.29,-0.53,0.78,0.24,0.35,-0.64,0.47,0.46,0.53,-0.02,0.1,0.04,Growth,"1,80,003",9,High,AAA,3.29,6.14,Above Average,Low,3.43,0.59,0.93,0.87,-0.8,-0.91,0.86,14.82,14.81,14.84,13.71,"1,000",--,"Harshil Suvarnkar (4.6), Mohit Sharma (1)"
Axis Conservative Hybrid Fund - Regular Plan,Regular,2,5.82,Moderately High,HY-CH,2.2,16/07/10,273,0.2,0.83,1.94,2.8,5.82,7.42,7.35,6.91,7.4,--,7.47,6.9,7.05,7.44,--,6.27,4.19,12.1,3.18,1.93,13.81,10.59,0.48,8.45,7.4,1.06,-0.39,4.34,1.3,3.02,1.57,3.37,4.06,-1.64,1.99,2.98,-0.58,0.19,-0.23,0.34,-1.19,2.86,1.88,0.9,0.18,-0.17,-1.08,0.68,1.33,-0.01,-0.58,0.65,0.31,0.37,-0.59,0.42,0.38,0.4,0.1,-0.02,0.17,Growth,"4,62,709",16,High,AAA,6.15,7.08,Above Average,Below Average,3.61,0.24,0.43,0.93,-2.17,-2.12,0.91,30.45,30.39,30.45,28.43,500,1.00 (30),"Sachin Jain (5.2), Jayesh Sundar (2.1), Devang Shah (9.4)"
Axis Retirement Fund - Conservative Plan - Regular Plan,Regular,1,3.58,High,HY-CH,2.15,20/12/19,55,0.01,0.83,2.56,2.53,3.58,9.56,8.31,--,--,--,8.6,7.82,--,--,--,--,--,--,--,--,13.74,12.03,-4.25,13.71,11.47,0.17,-1.06,6.45,2.35,5.48,5.26,3.16,5.7,-2.8,-0.41,3.77,-1.35,-0.02,-0.24,-0.48,-3.61,3.81,2.98,0.81,-0.04,-0.84,-1.54,1.04,1.82,0.06,-1.14,1.15,0.5,0.67,-1.21,0.59,0.59,0.64,0.06,-0.14,0.06,Growth,"4,54,409",--,High,GOI/Cash,17.32,6.93,High,Average,5.97,0.48,0.79,1.5,-2,-0.13,0.85,16.13,16.09,16.2,14.84,"5,000",--,"Jayesh Sundar (1.8), Devang Shah (1.6), Hardik Shah (1.6)"
Bandhan Asset Allocation Fund - Conservative Plan - Regular Plan,Regular,3,6.92,Moderately High,HY-CH,0.76,11/02/10,6,-0.14,0.64,2.21,4.65,6.92,9.01,7.8,7.55,8.1,--,8.8,8.1,7.61,7.97,--,6.75,8.51,10.69,3.01,8.11,7.93,8.33,1.54,11.05,9.32,1.35,0.23,4.73,1.69,4.03,2.59,3.6,3.57,-0.61,0.49,3.85,0.39,0.52,0.15,-0.69,-1.19,2.41,1.55,1.17,1.08,0.18,-0.37,0.58,1.52,0.32,-0.57,0.43,0.33,0.49,-0.68,0.44,0.45,0.52,0.07,0.07,-0.09,Growth,"3,08,528",--,High,AAA,--,--,Below Average,Average,3.25,0.76,1.17,0.85,-0.28,-0.71,0.92,34.16,34.13,34.27,31.52,"1,000",1.00 (365),Viraj Kulkarni (3.4)
Bandhan Conservative Hybrid Fund - Regular Plan,Regular,2,5.58,Moderately High,HY-CH,2.01,25/02/10,102,0.17,0.63,2.2,2.57,5.58,7.69,6.37,6.74,7.55,--,7.52,6.7,6.51,7.23,--,7.1,9.05,9.83,1.63,8.12,8.47,6.03,0.14,9.46,7.67,0.8,-0.1,4.23,1.08,4,1.8,4.12,3.65,-1.95,1.34,3.21,-0.38,0.35,-0.38,0.27,-1.49,2.6,2.12,0.96,0.11,-0.81,-0.38,0.81,1.32,0.53,-0.5,0.95,0.13,0.41,-0.79,0.56,0.41,0.46,0.07,-0.06,-0.16,Growth,"3,78,321",--,High,AAA,8.53,6.9,Average,Below Average,3.72,0.33,0.51,0.96,-1.91,-1.8,0.91,32.47,32.37,32.5,30.33,"1,000",0.25 (7),"Harshal Joshi (4.3), Viraj Kulkarni (3.4)"
Bank of India Conservative Hybrid Fund - Eco Plan,Regular,--,4.87,Moderately High,HY-CH,1.67,18/03/09,66,-0.12,1.02,2.44,4.54,4.87,7.9,11.13,7.84,7.92,--,7.28,9.44,8.53,8.31,--,7.12,8.86,14.68,-2.16,-7.05,11.74,8.61,21.56,11.21,7.38,2.12,-0.08,3.74,2.81,4.35,3.53,3.05,1.23,-0.51,-0.34,4.05,-0.37,0.43,-0.41,-0.53,-2.41,2.67,1,2.22,0.78,-0.42,-0.84,0.9,1.49,0.34,-0.51,0.68,0.42,0.42,-0.59,0.55,-0.05,0.18,0.14,0.63,-0.16,Growth,"1,11,041",69,High,AAA,3.6,6.68,--,--,3.76,0.41,0.63,0.86,-1.27,-0.82,0.71,35.99,35.91,36.03,33.3,"10,000",1.00 (365),Alok Singh (13.5)
Bank of India Conservative Hybrid Fund - Regular Plan,Regular,3,4.48,Moderately High,HY-CH,2.27,18/03/09,66,-0.13,0.99,2.36,4.36,4.48,7.53,10.85,7.56,7.69,--,6.87,9.1,8.24,8.06,--,7.12,8.73,14.35,-2.44,-7.33,11.38,8.45,21.48,10.9,6.94,2.1,-0.1,3.67,2.71,4.25,3.42,2.94,1.12,-0.61,-0.44,3.95,-0.46,0.39,-0.45,-0.57,-2.44,2.64,0.97,2.19,0.74,-0.45,-0.87,0.87,1.46,0.33,-0.51,0.68,0.41,0.41,-0.6,0.54,-0.06,0.17,0.14,0.62,-0.17,Growth,"1,11,041",69,High,AAA,3.6,6.68,Average,Above Average,3.76,0.32,0.49,0.86,-1.61,-0.99,0.71,34.73,34.65,34.77,32.21,"10,000",1.00 (365),Alok Singh (13.5)
Baroda BNP Paribas Conservative Hybrid Fund - Regular Plan,Regular,3,5.73,Moderately High,HY-CH,2,23/09/04,823,0.01,0.61,1.99,3.66,5.73,8.55,7.41,7.38,7.69,7.09,8.01,7.6,7.33,7.71,7.47,5.38,8.87,10.33,2.53,8.15,9.19,6.31,2.45,11.03,9.72,1.54,0.51,4.36,1.68,4.1,2.78,3.35,3.19,0.18,-0.36,3.72,-0.48,0.62,0.63,-1.15,-1.57,2.41,1.81,1.57,0.3,-0.3,-0.79,0.62,1.6,0.26,-0.74,0.68,0.31,0.34,-0.71,0.54,0.55,0.46,0.05,0.01,-0.05,Growth,"2,03,119",179,High,AAA,8.36,7.09,Average,Below Average,3.37,0.59,0.78,0.84,-0.78,-0.91,0.85,45.4,45.34,45.44,42.23,"1,000",1.00 (180),"Ankeet Pandya (0.9), Prashant R Pimple (3.1), Gurvinder Singh Wasan (1.1), Pratish Krishnan (3.7)"
Canara Robeco Conservative Hybrid Fund - Regular Plan,Regular,3,4.96,Moderately High,HY-CH,1.84,02/04/01,941,-0.2,0.16,1,3.4,4.96,8.31,8.04,7.95,8.35,9.54,7.91,7.66,8.23,8.41,--,5.9,5.97,8.95,3.2,10.58,13.84,9.98,2.61,9.67,10.07,1.97,-0.12,3.93,2.14,3.44,1.81,4.02,4.32,-0.29,0.19,3.59,0,0.38,0.02,-1.03,-1.76,3.04,1.51,1.66,0.38,0.17,-0.45,0.27,0.86,0.28,-0.51,0.48,0.2,0.35,-0.78,0.34,0.3,0.42,-0.07,-0.1,-0.22,Growth,"1,69,280",109,High,AAA,5.82,6.72,Average,Average,3.52,0.56,0.89,0.89,-0.93,-0.92,0.85,97.89,97.75,98.31,91.01,"5,000",1.00 (365),"Avnish Jain (12.1), Amit Kadam (1.6)"
DSP Regular Savings Fund - Regular Plan,Regular,4,6.74,Moderate,HY-CH,1.22,11/06/04,180,0.17,0.65,1.62,2.97,6.74,10.13,8.71,7.26,7.81,8.49,9.48,8.87,7.72,7.81,7.99,4.79,10.74,10.97,-5.25,6.88,9.28,7.79,3.52,11.99,10.86,2.57,0.46,4.44,1.96,4.69,2.25,3.91,4.74,-0.28,2.07,2.8,-0.02,0.39,0.08,-0.22,-0.72,3.04,1.37,1.06,0.36,0.09,-0.65,0.54,1.03,0.02,-0.39,0.43,0.36,0.26,-0.47,0.41,0.25,0.3,0.28,-0.25,0.13,Growth,"1,56,033",668,High,AAA,--,--,Below Average,Average,3.22,1.05,2.12,0.8,0.77,0.08,0.84,59.61,59.51,59.62,55.47,100,--,"Shantanu Godambe (1.3), Abhishek Singh (4.5)"
Franklin India Conservative Hybrid Fund - Regular Plan,Regular,3,6.44,Moderately High,HY-CH,1.41,28/09/00,205,-0.27,0.08,1.56,3.55,6.44,9.5,8.54,7.57,8.31,8.39,8.9,8.55,7.87,8.22,8.29,5.77,9.52,9.16,2.09,8.44,7.1,8.06,3.95,11.41,10.59,2.33,0.18,3.8,2.87,4.15,2.55,4.14,3.59,0.05,0.35,4.4,-0.46,0.63,0.3,-0.54,-1.5,2.43,2.05,1.37,0.92,-0.04,-0.99,0.58,1.26,0.24,-0.66,0.55,0.27,0.35,-0.63,0.6,0.53,0.28,-0.03,-0.1,-0.12,Growth,"2,47,981",--,High,AAA,10.19,7.09,Below Average,Average,3.49,0.84,1.29,0.89,0.04,-0.25,0.88,91.93,91.89,92.31,85.35,"10,000",--,"Rajasa Kakulavarapu (4.2), Rohan Maru (1.1), Rahul Goswami (2), Pallab Roy (1.7), Venkatesh Sanjeevi (1.1)"
HDFC Hybrid Debt Fund - Regular Plan,Regular,4,4.88,Moderately High,HY-CH,1.75,26/12/03,"3,379",-0.01,0.35,1.68,2.3,4.88,10.14,10.75,8.92,8.88,9.88,8.6,9.3,9.21,9.3,9.52,3.84,12.97,10.81,0.59,6.63,10.17,13.36,6,13.92,10.38,3.46,0.66,4.99,3.21,4.43,3.51,3.77,3.66,-0.79,1.18,2.81,-0.51,0.15,-0.09,-0.16,-1.6,2.99,2.05,0.92,-0.17,-0.24,-1.28,1.02,1.34,-0.21,-0.65,0.66,0.37,0.36,-0.4,0.6,0.49,0.35,-0.03,-0.05,-0.04,Growth,"3,99,423",--,High,AAA,11.88,7.13,Average,High,3.91,0.92,1.64,0.97,0.46,0.22,0.83,83.1,82.99,83.33,77.77,100,1.00 (365),"Shobhit Mehrotra (18.2), Srinivasan Ramamurthy (3.9)"
HDFC Retirement Savings Fund - Hybrid Debt Plan - Regular Plan,Regular,3,4.47,Moderately High,HY-CH,2.14,26/02/16,161,-0.05,0.45,1.48,2.84,4.47,8.88,8.36,--,--,--,7.7,7.9,--,--,--,--,--,12.35,0.68,7.57,10.44,8.69,3.7,11.16,9.78,2.49,0.81,4.48,2.14,3.32,2.78,3.85,3.83,-0.87,0.35,3.45,-0.46,0.03,-0.07,-0.46,-1.7,2.56,1.67,1.41,0.34,-0.13,-0.98,0.65,1.16,0.06,-0.53,0.4,0.38,0.34,-0.39,0.43,0.26,0.35,0.04,-0.01,-0.03,Growth,"4,19,452",13.1,High,AAA,7.19,6.74,Below Average,Average,3.48,0.69,1.14,0.87,-0.42,-0.59,0.85,21.84,21.81,21.89,20.4,100,--,"Srinivasan Ramamurthy (3.9), Shobhit Mehrotra (9.8), Arun Agarwal (0.6), Nandita Menezes (0.6)"
HSBC Conservative Hybrid Fund,Regular,3,5.11,Moderately High,HY-CH,2.15,24/02/04,151,-0.8,-0.93,0.4,3.63,5.11,10.11,8.39,7.63,7.8,8.58,9.18,8.66,8.05,8.19,8.35,4.11,8.68,9.65,0.68,8.25,10.3,8.65,0.39,11.36,15.83,1.69,0.67,4.88,1.86,3.53,3.24,6.52,3.59,1.81,-2.23,4.4,0.8,1.22,1.22,-2.55,-3.04,3.47,1.97,2.5,-0.12,0.6,-0.74,0.94,0.49,-0.38,-0.48,1.07,0.11,0.81,-0.89,0.52,0.2,0.04,-0.35,-0.07,-0.47,Blend,"89,639",259,High,AAA,7.8,6.72,Above Average,Average,4.64,0.8,0.94,0.98,0.53,0.16,0.6,61.84,61.89,62.61,56.82,"5,000",--,"Cheenu Gupta (3), Mahesh A Chhabria (2.3), Abhishek Gupta (1.6), Asif Rizwi (0.8)"
ICICI Prudential Regular Savings Fund,Regular,4,7.83,High,HY-CH,1.72,30/03/04,"3,376",-0.12,0.4,2.28,5.02,7.83,10.21,9.6,9.47,9.58,9.72,10.07,9.64,9.48,9.84,9.73,6.42,10.93,12.92,5.05,9.57,10.95,9.9,5.13,11.37,11.28,1.8,0.23,4.42,2.61,3.71,3.26,3.6,4.27,-0.15,0.88,3.93,1.16,0.35,0.29,-0.08,-1.21,2.2,1.74,1.27,0.87,0.48,-0.03,0.71,1.16,0.45,-0.53,0.51,0.5,0.32,-0.47,0.31,0.3,0.26,0.08,0.05,-0.07,Growth,"1,34,193",21,High,AAA,--,--,Low,Above Average,2.94,1.22,1.78,0.75,1.16,0.23,0.87,77.43,77.38,77.66,71.17,"5,000",1.00 (365),"Akhil Kakkar (1.8), Manish Banthia (12.2), Roshan Chutkey (3.5)"
ICICI Prudential Retirement Fund - Hybrid Conservative Plan,Regular,3,7.87,High,HY-CH,2.12,27/02/19,88,0,0.56,2.95,6.17,7.87,10.96,8.77,--,--,--,10.38,9.51,--,--,--,--,--,--,--,--,11.74,7.15,1.79,14.98,9.77,1.53,-1.13,5.99,4.16,5.34,3.05,3.97,3.32,-0.76,0.03,5.38,0.37,0.73,0.07,-0.42,-2.01,2.51,1.49,1.72,2.07,-0.51,-0.5,1.39,1.24,0.43,-0.82,1.5,0.18,0.31,-0.84,0.8,0.36,0.49,-0.26,0.09,-0.06,Blend,"1,06,769",10,High,AAA,--,--,Average,Average,4.23,0.98,1.4,1.02,0.82,0.45,0.78,17.7,17.65,17.73,16.09,"5,000",--,"Rohit Lakhotia (2.4), Darshil Dedhia (1.8), Manasvi Shah (0.2)"
Kotak Debt Hybrid Fund - Regular Plan,Regular,4,4.72,Moderately High,HY-CH,1.66,02/12/03,"3,124",-0.13,-0.23,1.86,2.84,4.72,10.01,10.43,9.46,9.19,8.43,8.81,9.22,9.63,9.66,9.11,5.43,12.96,10.18,-0.11,11.16,13.85,13.3,4.25,13.88,11.33,2.1,0.09,5.13,2.76,5.32,3.09,4.41,4.92,-1.34,0.33,3.04,-0.24,0.51,-0.05,-0.27,-2.48,3.16,1.98,1.22,-0.18,-0.25,-1.47,1.5,1.27,-0.03,-0.86,1.06,0.23,0.71,-0.64,0.82,0.73,0.29,-0.22,-0.2,-0.17,Growth,"2,23,424",24.23,High,AAA,21.6,7.29,Above Average,High,4.57,0.77,1.15,1.15,-0.24,0.15,0.86,59.11,59.06,59.53,55.05,100,1.00 (180),"Abhishek Bisen (17.6), Shibani Sircar Kurian (1.1)"
LIC MF Conservative Hybrid Fund,Regular,1,4.95,Moderately High,HY-CH,2.31,01/06/98,49,0.21,1.12,2.09,3.44,4.95,6.7,6.18,6.49,6.31,7.14,6.75,6.24,6.4,6.61,6.65,4.13,10.21,6.62,1.07,9.14,9.89,7.42,0.92,7.3,8.11,1.71,0.49,2.66,0.77,3.2,1.2,3.48,3.75,-0.44,0,3.74,-1.35,0.89,-0.05,0.23,-1.46,1.24,1.43,1.47,0.8,-0.69,-1.39,0.73,1.54,-0.09,-0.7,0.5,0.49,0.3,-0.47,0.47,0.36,0.34,0.32,-0.03,0.34,Growth,"5,90,080",17,High,AAA,5.25,6.57,Above Average,Low,3.38,0.05,0.08,0.85,-2.58,-2.15,0.85,83.02,82.9,83.02,78.32,"5,000",1.00 (90),"Pratik Harish Shroff (2.1), Karan Doshi (0.3)"
Nippon India Conservative Hybrid Fund,Regular,5,9.14,High,HY-CH,1.87,29/12/03,918,0.22,0.93,2.71,5.21,9.14,9.13,8.77,5.76,6.92,8.45,9.16,8.69,6.28,6.68,7.48,6.21,9.23,9.32,3.99,2.77,-8.53,10.06,4.75,10.17,7.7,2.06,2.46,2.98,1.74,2.62,2.15,2.41,2.76,0.25,1.83,3.64,1.42,0.38,0.17,0.62,-0.32,1.53,1.51,1.09,1,0.26,0.24,0.92,1.26,0.35,-0.2,0.17,0.36,0.36,0.01,0.28,0.34,0.4,0.14,0.12,0.12,Growth,"4,92,691",--,Medium,AA,1.74,8.32,Low,Average,1.92,1.31,2.23,0.46,1.03,-0.34,0.76,59.59,59.5,59.59,54.41,"5,000",1.00 (365),"Sushil Budhia (5.8), Dhrumil Shah (4.2)"
Nippon India Conservative Hybrid Fund - Segregated Portfolio 1 - Regular Plan,Regular,--,--,Very High,HY-CH,1.87,--,34,--,--,--,--,--,--,--,--,--,--,--,--,--,--,--,--,--,--,--,--,--,--,--,--,--,--,--,--,--,--,--,--,--,--,--,--,--,--,--,--,--,--,--,--,--,--,--,--,--,--,--,--,--,--,--,--,--,--,--,--,--,--,--,--,Low,B,--,--,--,--,--,--,--,--,--,--,--,3.84,--,--,--,"5,000",--,"Sanjay Parekh (5.7), Sushil Budhia (5.7)"
Nippon India Conservative Hybrid Fund - Segregated Portfolio 2 - Regular Plan,Regular,--,--,High,HY-CH,1.89,--,--,--,--,--,--,--,--,--,--,--,--,--,--,--,--,--,--,--,--,--,--,--,--,--,--,--,--,--,--,--,--,--,--,--,--,--,--,--,--,--,--,--,--,--,--,--,--,--,--,--,--,--,--,--,--,--,--,--,--,--,--,--,--,--,--,--,--,--,--,--,--,--,--,--,--,--,--,--,--,--,--,--,"5,000",--,"Sanjay Parekh (5.7), Sushil Budhia (5.7)"
Nippon India Retirement Fund - Income Generation Scheme,Regular,2,3.5,Moderately High,HY-CH,2.08,11/02/15,150,0.32,-0.08,0.78,1.07,3.5,8.6,6.9,7.05,--,--,7.24,7.27,7.08,--,--,--,10.34,6.24,4.21,7.96,10.51,4.69,1.93,10.23,11.09,2.83,0.21,4.96,1.67,3.07,4.14,3.65,3.94,-0.9,0.84,2.47,-0.9,0.18,0.1,-0.46,-1.42,2.77,2.18,1.2,-0.91,0.18,-2.05,0.99,0.63,-0.71,-0.84,1.04,0.41,0.39,-0.67,0.62,0.27,0.35,-0.21,-0.58,0.23,Growth,"4,25,697",--,High,GOI/Cash,17.78,7.08,High,Below Average,4.35,0.51,0.83,1.01,-1.06,-0.45,0.73,20.29,20.27,20.49,19.25,500,--,"Pranay Sinha (4.6), Ashutosh Bhargava (1.6)"
Parag Parikh Conservative Hybrid Fund - Regular Plan,Regular,5,7.52,Moderately High,HY-CH,0.64,26/05/21,"3,097",-0.01,0.48,1.84,3.36,7.52,11.82,--,--,--,--,10.62,--,--,--,--,--,--,--,--,--,--,--,7.55,13.69,12.38,2.82,1.39,2.91,4.9,3.87,4.36,3.52,4.16,-0.04,1.87,3.28,1.01,0.17,0,0.89,-0.65,1.63,1.81,1.28,0.16,0.34,-0.79,1.46,0.88,-0.05,-0.55,0.37,0.3,0.34,0.2,0.62,0.16,0.13,0.24,-0.03,0.02,Blend,"1,93,494",--,High,AAA,5,6.97,Low,High,3.08,1.6,2.59,0.61,2.95,0.65,0.52,15.38,15.36,15.39,14.24,"5,000",1.00 (365),"Mansi Kariya (1.9), Rajeev Thakkar (4.5), Rukun Tarachandani (3.5), Raunak Onkar (4.5), Raj Mehta (4.5), Tejas Soman (0.2)"
SBI Conservative Hybrid Fund,Regular,5,6.01,High,HY-CH,1.54,24/03/01,"9,953",-0.23,0.74,2.32,4.88,6.01,10.14,10.59,9.06,9,8.26,9.32,9.51,9.44,9.43,8.93,8.2,12.5,8.49,-0.24,8.14,13.54,14.06,4.53,12.22,10.99,1.92,0.36,5.33,3.32,2.75,2.71,5.13,3.55,-0.74,0.47,3.91,0.53,-0.08,-0.04,-0.63,-1.54,2.68,1.5,1.53,0.83,0.1,-0.41,0.84,1.44,0.42,-0.48,0.5,0.38,0.22,-0.4,0.56,0.17,0.21,0.13,0.52,-0.12,Growth,"62,603",--,High,AAA,--,--,Below Average,High,3.35,1.04,1.73,0.82,0.83,0.14,0.8,74.08,74.08,74.25,68.15,"5,000",1.00 (365),"Saurabh Pant (3.9), Mansi Sajeja (4.4), Milind Agrawal (0.3)"
SBI Magnum Children's Benefit Fund - Savings Plan,Regular,5,3.81,Moderately High,HY-CH,1.24,20/02/02,130,0.11,0.81,1.56,2.74,3.81,12.59,13.15,11.56,11.09,10.53,10.86,11.18,11.02,11.56,11.11,7.02,16.08,24.28,0.14,2.64,14.82,18.28,1.95,16.97,17.41,0.96,0.15,6.58,4.76,4.6,2.05,6.4,7.16,0.9,-1.23,3.33,-0.23,0.83,0.2,-1.73,-1.93,2.49,1.52,1.49,0.29,0.25,-0.87,0.4,0.78,0.25,-0.43,0.67,0.09,0.34,-0.5,0.32,-0.15,0.05,0.02,0.37,0.57,Growth,"14,047",--,High,AAA,--,--,Average,High,4.44,1.26,1.9,0.89,2.69,0.77,0.54,110.7,110.91,110.91,103.39,"5,000",3.00 (365),"Lokesh Mallya (0.4), Rama Iyer Srinivasan (4.8)"
SBI Retirement Benefit Fund - Conservative Hybrid Plan - Regular Plan,Regular,2,3.41,High,HY-CH,1.67,10/02/21,288,-0.43,-0.25,1.78,3,3.41,9.57,--,--,--,--,7.94,--,--,--,--,--,--,--,--,--,--,--,4.96,15.24,9.32,1.72,0.3,6.74,2.84,4.66,2.16,6.22,3.51,-2.67,-0.18,4.81,-1.46,0.51,-0.93,-0.61,-3,3.54,1.75,2.32,0.67,-1.02,-1.2,0.77,1.55,0.36,-0.87,0.51,0.34,1.11,-1.13,0.81,0.51,0.19,-0.04,0.03,-0.61,Growth,"1,78,204",--,High,AAA,--,--,High,Above Average,5.28,0.6,0.83,1.34,-1.19,-0.03,0.88,15.62,15.59,15.74,14.45,"5,000",--,"Rohit Shimpi (4.1), Ardhendu Bhattacharya (4.4)"
SBI Retirement Benefit Fund - Conservative Plan - Regular Plan,Regular,3,4.53,Moderately High,HY-CH,1.38,10/02/21,175,-0.14,-0.36,0.96,1.83,4.53,8.4,--,--,--,--,7.3,--,--,--,--,--,--,--,--,--,--,--,4.91,11.31,9.01,1.47,1.17,4.64,2.07,3.02,2.52,3.73,3.4,-0.86,1.15,3.57,-0.99,0.42,-0.14,0,-1.54,2.73,1.78,1.78,-0.02,-0.49,-1.24,0.74,1.01,-0.11,-0.54,0.49,0.15,0.68,-0.48,0.61,0.49,0.1,-0.18,-0.11,-0.29,Growth,"1,78,618",--,High,AAA,--,--,Below Average,Average,3.43,0.59,0.88,0.86,-0.77,-0.87,0.85,14.35,14.34,14.44,13.51,"5,000",--,"Rohit Shimpi (4.1), Ardhendu Bhattacharya (4.4)"
Sundaram Conservative Hybrid Fund,Regular,2,3.6,Moderately High,HY-CH,1.85,08/03/10,21,0.06,0.44,1.21,0.71,3.6,7.12,7.94,6.75,6.99,--,6.23,6.84,6.71,7.26,--,8.68,9.94,12.11,-1.15,0.92,7.34,14.49,2.77,9.19,7.95,2.63,0.14,3.76,1.4,3.63,2.32,2.82,3.6,-0.9,0.89,2.38,-1.27,0.34,-0.02,-0.4,-1.19,2.51,2.28,0.22,-0.12,-0.34,-1.41,0.48,1.21,-0.01,-0.6,0.74,0.19,0.31,-0.59,0.38,0.39,0.43,-0.09,-0.07,-0.03,Growth,"5,92,600",--,High,GOI/Cash,11.06,6.56,Above Average,Below Average,3.59,0.21,0.38,0.91,-2.24,-1.9,0.87,29.73,29.67,29.82,28.25,"5,000",--,"Sandeep Agarwal (12.9), Dwijendra Srivastava (15.3), Bharath S. (3.5), Ashish Aggarwal (3.9)"
Tata Retirement Savings Fund - Conservative Plan - Regular Plan,Regular,2,3.67,Moderately High,HY-CH,2.17,01/11/11,175,-0.29,0.1,1.22,3.43,3.67,8.44,7.19,7.87,--,--,7.48,7.18,7.4,--,--,6.41,10.58,15.12,0.77,7.61,11.83,7.58,0.11,12.08,9.81,0.99,-0.27,4.72,3.03,4.17,1.54,5.1,3.72,-0.72,-1.76,5.28,-1.42,0.45,0.08,-1.68,-2.48,2.46,2,1.93,1.26,-0.89,-0.97,0.44,1.35,0.16,-0.86,0.92,0.25,0.42,-1.14,0.54,0.57,0.48,-0.02,-0.25,-0.18,Growth,"1,40,408",4,High,AAA,6.3,6.45,High,Below Average,4.33,0.45,0.62,1.06,-1.49,-0.68,0.8,31.88,31.85,32.07,29.57,"5,000",1.00 (1829),"Sonam Udasi (9.6), Murthy Nagarajan (8.6)"
UTI Conservative Hybrid Fund - Regular Plan,Regular,4,5.74,Moderately High,HY-CH,1.8,16/12/03,"1,690",-0.11,0.44,1.7,3.33,5.74,9.8,9.91,8.31,8.58,9.21,9.18,9.13,8.62,8.85,8.92,7.1,8.92,12.53,3.38,2.84,10.19,13.17,3.32,11.3,11.51,2.24,-0.16,4.61,2.39,4.08,2.18,5.28,4.99,-1.18,0.9,3.73,-0.65,0.45,-0.23,-0.19,-1.51,2.65,2.01,1.21,0.47,-0.24,-1.03,0.62,1.53,-0.02,-0.61,0.76,0.43,0.32,-0.79,0.55,0.48,0.47,-0.01,-0.06,-0.08,Growth,"1,87,483",22,High,AAA,8.68,7.01,Average,Above Average,3.79,0.85,1.33,0.99,-0.01,-0.04,0.93,70.3,70.22,70.54,65.4,"5,000",1.00 (365),"Jaydeep Bhowal (2.6), Amit Kumar Premchandani (3.8)"
UTI Conservative Hybrid Fund Segregated Portfolio - Regular Plan,Regular,--,--,Moderately High,HY-CH,1.81,--,46,--,--,--,--,--,--,--,--,--,--,--,--,--,--,--,--,--,--,--,--,--,--,--,--,--,--,--,--,--,--,--,--,--,--,--,--,--,--,--,--,--,--,--,--,--,--,--,--,--,--,--,--,--,--,--,--,--,--,--,--,--,--,--,--,Low,B,0.07,--,--,--,--,--,--,--,--,--,--,3.84,--,--,--,"5,000",--,"Ajay Tyagi (5.7), Amandeep Singh Chopra (5.7)"
Aditya Birla Sun Life Conservative Hybrid Active FoF - Direct Plan,Direct,--,7.54,High,HY-CH,0.55,01/01/13,16,-0.08,0.42,2.39,4.12,7.54,12.29,11.27,9.67,--,--,11.07,10.89,10.29,--,--,5.15,8.69,11.59,3.64,6.43,14.71,11.24,4.59,16.27,12.24,2.69,1.01,4.86,4.03,5.53,2.81,6.17,5.02,-1.99,1.04,4.67,-0.07,-0.09,0.17,-0.33,-1.82,3.26,2.48,1.37,0.76,-0.28,-0.91,1.13,1.51,0.32,-0.8,0.76,0.4,0.5,-0.58,0.6,0.56,0.36,0.06,-0.03,-0.08,Growth,"1,95,629",--,High,AAA,--,--,--,--,4.54,1.22,1.84,1.16,1.8,1.35,0.87,36.89,36.85,37,33.64,100,1.00 (365),Vinod Bhat (6.2)
Aditya Birla Sun Life Regular Savings Fund - Direct Plan,Direct,4,8.43,Moderately High,HY-CH,0.93,01/01/13,"1,547",-0.19,0.63,2.49,5.28,8.43,10.28,11.38,9.81,--,--,10.44,10,9.65,--,--,6.33,14.4,17.01,-1.05,6.54,10.11,14.29,6.35,10.68,11.45,2.18,0.14,4.57,2.12,3.51,2.01,4.31,4.3,0.43,1.12,4.24,0.77,0.61,0.19,-0.86,-0.53,2.53,1.7,1.4,1.08,0.3,-0.43,0.9,1.57,0.31,-0.53,0.59,0.35,0.33,-0.44,0.37,0.6,0.56,0.03,0.09,-0.14,Growth,"2,27,266",129,High,AAA,7.61,7.4,Below Average,Above Average,3.03,1.2,2.19,0.76,1.17,0.26,0.85,76.62,76.55,76.89,70.02,"1,000",1.00 (90),"Harshil Suvarnkar (4.6), Mohit Sharma (1)"
Aditya Birla Sun Life Retirement Fund - The 50s Plan - Direct Plan,Direct,2,7.37,Moderately High,HY-CH,0.61,11/03/19,27,-0.12,0.84,2.84,5.22,7.37,10.02,7.15,--,--,--,9.73,8.75,--,--,--,--,--,--,--,--,9.42,3.34,2.83,11.43,10.61,2.66,0.03,4.28,3.19,3.51,2.08,4.05,4.46,-0.3,0.33,3.96,0.59,0.54,0.11,-0.97,-1.16,2.5,1.64,1.32,0.95,0.12,-0.36,0.83,1.68,0.32,-0.51,0.8,0.26,0.38,-0.61,0.49,0.49,0.56,0.01,0.13,0.06,Growth,"1,80,003",9,High,AAA,3.29,6.14,Above Average,Below Average,3.43,0.98,1.55,0.87,0.53,0.08,0.86,16.24,16.23,16.27,14.88,"1,000",--,"Harshil Suvarnkar (4.6), Mohit Sharma (1)"
Axis Conservative Hybrid Fund - Direct Plan,Direct,2,7.14,Moderately High,HY-CH,1.05,01/01/13,273,0.23,0.93,2.26,3.44,7.14,8.82,8.74,8.23,--,--,8.85,8.29,8.36,--,--,7.76,5.77,13.58,4.34,2.85,14.91,11.91,1.86,9.91,8.81,1.39,-0.07,4.69,1.64,3.37,1.91,3.71,4.41,-1.33,2.3,3.3,-0.27,0.29,-0.12,0.45,-1.1,2.97,1.98,1.01,0.28,-0.06,-0.98,0.78,1.43,0.02,-0.56,0.67,0.34,0.39,-0.57,0.44,0.41,0.43,0.12,0,0.19,Growth,"4,62,709",16,High,AAA,6.15,7.08,Average,Below Average,3.61,0.6,1.06,0.94,-0.87,-0.96,0.91,35.75,35.69,35.75,33.02,500,1.00 (30),"Jayesh Sundar (2.1), Devang Shah (9.4), Sachin Jain (5.2)"
Axis Retirement Fund - Conservative Plan - Direct Plan,Direct,1,4.86,High,HY-CH,1.11,20/12/19,55,0.03,0.92,2.85,3.13,4.86,11.1,9.98,--,--,--,10.05,9.36,--,--,--,--,--,--,--,--,15.77,14,-2.64,15.5,12.99,0.58,-0.65,6.89,2.73,5.87,5.58,3.52,6.09,-2.45,-0.09,4.09,-1.07,0.09,-0.12,-0.36,-3.51,3.92,3.08,0.92,0.06,-0.74,-1.44,1.13,1.91,0.08,-1.12,1.17,0.52,0.69,-1.19,0.62,0.61,0.66,0.08,-0.12,0.08,Growth,"4,54,409",--,High,GOI/Cash,17.32,6.93,High,Average,5.98,0.72,1.18,1.5,-0.59,0.35,0.85,17.68,17.65,17.76,16.14,"5,000",--,"Jayesh Sundar (1.8), Devang Shah (1.6), Hardik Shah (1.6)"
Bandhan Asset Allocation Fund - Conservative Plan - Direct Plan,Direct,3,7.53,Moderately High,HY-CH,0.18,01/01/13,6,-0.13,0.69,2.36,4.96,7.53,9.62,8.45,8.23,--,--,9.4,8.72,8.27,--,--,7.34,9.05,11.31,3.84,8.93,8.65,9.05,2.2,11.68,9.89,1.51,0.38,4.89,1.83,4.17,2.72,3.73,3.71,-0.47,0.63,4,0.54,0.57,0.2,-0.65,-1.15,2.46,1.6,1.22,1.13,0.23,-0.32,0.63,1.57,0.33,-0.56,0.44,0.34,0.5,-0.67,0.45,0.46,0.53,0.08,0.08,-0.08,Growth,"3,08,528",--,High,AAA,--,--,Average,Below Average,3.25,0.94,1.44,0.85,0.29,-0.2,0.92,36.68,36.65,36.79,33.71,"1,000",1.00 (365),Viraj Kulkarni (3.4)
Bandhan Conservative Hybrid Fund - Direct Plan,Direct,2,6.63,Moderately High,HY-CH,1.04,01/01/13,102,0.19,0.72,2.46,3.07,6.63,8.71,7.38,7.69,--,--,8.55,7.71,7.49,--,--,8.44,9.88,10.79,2.52,9.02,9.49,7.02,1.09,10.48,8.65,1.04,0.13,4.47,1.31,4.25,2.03,4.34,3.9,-1.71,1.59,3.46,-0.14,0.43,-0.29,0.35,-1.42,2.69,2.2,1.04,0.19,-0.73,-0.29,0.89,1.41,0.55,-0.48,0.97,0.15,0.43,-0.77,0.58,0.43,0.48,0.09,-0.04,-0.14,Growth,"3,78,321",--,High,AAA,8.53,6.9,Average,Low,3.72,0.59,0.91,0.96,-0.96,-0.96,0.91,36.46,36.34,36.46,33.82,"1,000",0.25 (7),"Viraj Kulkarni (3.4), Harshal Joshi (4.3)"
Bank of India Conservative Hybrid Fund - Direct Plan,Direct,3,5.45,Moderately High,HY-CH,1.45,01/01/13,66,-0.11,1.06,2.58,4.83,5.45,8.31,11.58,8.23,--,--,7.78,9.91,8.93,--,--,7.54,9.3,15.06,-1.85,-6.8,12.07,9,22.17,11.32,7.94,2.24,-0.01,3.77,2.81,4.35,3.66,3.17,1.37,-0.37,-0.2,4.19,-0.24,0.47,-0.36,-0.49,-2.37,2.72,1.05,2.27,0.83,-0.37,-0.8,0.94,1.53,0.35,-0.49,0.69,0.43,0.43,-0.58,0.56,-0.04,0.19,0.16,0.64,-0.15,Growth,"1,11,041",69,High,AAA,3.6,6.68,Above Average,Average,3.75,0.52,0.78,0.86,-0.88,-0.64,0.71,37.27,37.18,37.31,34.35,"10,000",1.00 (365),Alok Singh (12.9)
Baroda BNP Paribas Conservative Hybrid Fund - Direct Plan,Direct,3,7.3,Moderately High,HY-CH,0.51,01/01/13,823,0.04,0.74,2.38,4.45,7.3,10.21,9.07,9.24,--,--,9.65,9.24,9.07,--,--,7.42,11.26,12.78,4.63,9.86,10.76,8.11,3.99,12.75,11.38,1.95,0.84,4.72,2.18,4.49,3.18,3.73,3.59,0.56,-0.01,4.1,-0.11,0.74,0.76,-1.03,-1.47,2.53,1.94,1.69,0.43,-0.18,-0.68,0.75,1.73,0.3,-0.71,0.71,0.34,0.37,-0.68,0.57,0.58,0.49,0.08,0.04,-0.02,Growth,"2,03,119",179,High,AAA,8.36,7.09,Below Average,Average,3.36,1.04,1.37,0.84,0.75,0.17,0.85,55.61,55.52,55.62,51.19,"1,000",1.00 (180),"Ankeet Pandya (0.9), Prashant R Pimple (3.1), Gurvinder Singh Wasan (1.1), Pratish Krishnan (3.7)"
Canara Robeco Conservative Hybrid Fund - Direct Plan,Direct,3,6.17,Moderately High,HY-CH,0.7,02/01/13,941,-0.18,0.26,1.3,4.01,6.17,9.59,9.35,9.19,--,--,9.18,8.94,9.5,--,--,7.12,7.15,10.21,4.26,11.69,15.08,11.41,3.89,10.98,11.36,2.29,0.19,4.22,2.45,3.75,2.11,4.31,4.64,0,0.47,3.89,0.29,0.48,0.12,-0.93,-1.67,3.14,1.6,1.76,0.48,0.27,-0.36,0.38,0.96,0.3,-0.49,0.5,0.22,0.38,-0.76,0.36,0.33,0.44,-0.05,-0.08,-0.2,Growth,"1,69,280",109,High,AAA,5.82,6.72,Average,Average,3.52,0.89,1.42,0.89,0.25,-0.08,0.85,112.75,112.58,113.19,103.97,"5,000",1.00 (365),"Avnish Jain (12.1), Amit Kadam (1.6)"
DSP Regular Savings Fund - Direct Plan,Direct,4,7.44,Moderate,HY-CH,0.48,02/01/13,180,0.19,0.71,1.81,3.34,7.44,10.84,9.66,8.37,--,--,10.2,9.63,8.77,--,--,5.46,11.54,11.81,-4.04,8.72,11.09,9.53,4.21,12.69,11.56,2.74,0.63,4.6,2.11,4.85,2.42,4.05,4.91,-0.13,2.23,2.96,0.17,0.44,0.13,-0.17,-0.67,3.09,1.42,1.11,0.41,0.15,-0.59,0.61,1.09,0.03,-0.38,0.44,0.38,0.27,-0.45,0.42,0.26,0.31,0.3,-0.23,0.15,Growth,"1,56,033",668,High,AAA,--,--,Below Average,Average,3.22,1.25,2.51,0.8,1.41,0.51,0.84,67.27,67.14,67.27,62.19,100,--,"Shantanu Godambe (1.3), Abhishek Singh (4.5)"
Franklin India Conservative Hybrid Fund - Direct Plan,Direct,3,7.17,Moderately High,HY-CH,0.75,01/01/13,205,-0.25,0.13,1.73,3.89,7.17,10.29,9.35,8.39,--,--,9.67,9.35,8.67,--,--,6.76,10.49,9.95,2.81,9.21,8.02,8.85,4.82,12.26,11.37,2.54,0.37,4.01,3.07,4.34,2.73,4.32,3.78,0.22,0.53,4.58,-0.3,0.68,0.36,-0.48,-1.45,2.5,2.12,1.42,0.97,0.01,-0.94,0.64,1.32,0.26,-0.65,0.57,0.28,0.36,-0.61,0.62,0.55,0.29,-0.02,-0.09,-0.11,Growth,"2,47,981",--,High,AAA,10.19,7.09,Average,Average,3.49,1.05,1.61,0.89,0.77,0.33,0.88,101.25,101.19,101.64,93.56,"10,000",--,"Pallab Roy (1.7), Rahul Goswami (2), Rohan Maru (1.1), Rajasa Kakulavarapu (4.2), Venkatesh Sanjeevi (1.1)"
HDFC Hybrid Debt Fund - Direct Plan,Direct,4,5.49,Moderately High,HY-CH,1.17,01/01/13,"3,379",0,0.4,1.83,2.6,5.49,10.73,11.3,9.48,--,--,9.21,9.88,9.76,--,--,4.34,13.61,11.49,1.21,7.09,10.62,13.84,6.49,14.48,10.97,3.59,0.78,5.12,3.34,4.56,3.65,3.91,3.8,-0.65,1.33,2.96,-0.36,0.19,-0.05,-0.11,-1.56,3.05,2.1,0.97,-0.12,-0.19,-1.24,1.08,1.39,-0.19,-0.64,0.67,0.39,0.37,-0.39,0.62,0.5,0.36,-0.02,-0.04,-0.03,Growth,"3,99,423",--,High,AAA,11.88,7.13,Average,High,3.91,1.06,1.88,0.97,0.99,0.55,0.83,88.58,88.46,88.8,82.56,100,1.00 (365),"Srinivasan Ramamurthy (3.9), Shobhit Mehrotra (12.9)"
HDFC Retirement Savings Fund - Hybrid Debt Plan - Direct Plan,Direct,3,5.63,Moderately High,HY-CH,1.06,26/02/16,161,-0.03,0.54,1.76,3.41,5.63,10.11,9.64,--,--,--,8.92,9.15,--,--,--,--,--,14.2,2.17,8.74,11.65,10.04,5,12.43,11.01,2.81,1.11,4.76,2.43,3.62,3.08,4.12,4.13,-0.59,0.62,3.74,-0.18,0.12,0.03,-0.37,-1.62,2.65,1.76,1.5,0.43,-0.03,-0.89,0.74,1.26,0.08,-0.51,0.42,0.4,0.36,-0.37,0.45,0.29,0.37,0.06,0.01,-0.01,Growth,"4,19,452",13.1,High,AAA,7.19,6.74,Below Average,Average,3.49,1.02,1.67,0.87,0.71,0.21,0.85,24.72,24.69,24.77,22.92,100,--,"Shobhit Mehrotra (9.8), Srinivasan Ramamurthy (3.9), Arun Agarwal (0.6), Nandita Menezes (0.6)"
HSBC Conservative Hybrid Fund - Direct Plan,Direct,3,6.03,Moderately High,HY-CH,1.22,11/01/13,151,-0.78,-0.85,0.64,4.11,6.03,10.97,9.32,8.43,--,--,10.13,9.69,9.21,--,--,4.68,9.18,10.06,1.77,9.17,10.51,10.39,0.72,12.29,16.78,1.38,0.89,5.1,2.07,3.75,3.44,6.74,3.81,2.02,-2.03,4.63,1.03,1.29,1.29,-2.48,-2.98,3.54,2.04,2.58,-0.04,0.68,-0.67,1.03,0.57,-0.36,-0.46,1.09,0.13,0.83,-0.87,0.54,0.21,0.06,-0.33,-0.05,-0.45,Blend,"89,639",259,High,AAA,7.8,6.72,Above Average,Average,4.63,0.97,1.13,0.97,1.33,0.42,0.6,69.39,69.44,70.21,63.37,"5,000",--,"Cheenu Gupta (3), Mahesh A Chhabria (2.3), Abhishek Gupta (1.6), Asif Rizwi (0.8)"
ICICI Prudential Regular Savings Fund - Direct Plan,Direct,5,8.63,High,HY-CH,1,01/01/13,"3,376",-0.11,0.46,2.48,5.42,8.63,11.05,10.47,10.31,--,--,10.91,10.48,10.31,--,--,7.34,11.74,13.9,5.85,10.23,11.75,10.91,5.93,12.24,12.12,2,0.41,4.62,2.82,3.92,3.46,3.79,4.48,0.03,1.05,4.13,1.35,0.41,0.35,-0.02,-1.16,2.26,1.81,1.33,0.93,0.54,0.03,0.78,1.21,0.47,-0.52,0.52,0.51,0.34,-0.46,0.32,0.32,0.27,0.09,0.07,-0.05,Growth,"1,34,193",21,High,AAA,--,--,Low,Above Average,2.95,1.48,2.15,0.75,1.92,0.77,0.87,85.4,85.33,85.63,78.09,"5,000",1.00 (365),"Manish Banthia (12.2), Akhil Kakkar (1.8), Roshan Chutkey (3.5)"
ICICI Prudential Retirement Fund - Hybrid Conservative Plan - Direct Plan,Direct,3,9.23,High,HY-CH,0.94,27/02/19,88,0.03,0.67,3.26,6.84,9.23,12.21,10.07,--,--,--,11.66,10.74,--,--,--,--,--,--,--,--,13.63,8.85,2.7,16.28,10.86,1.81,-0.85,6.28,4.45,5.64,3.23,4.24,3.62,-0.49,0.35,5.74,0.67,0.82,0.17,-0.32,-1.91,2.64,1.61,1.83,2.19,-0.41,-0.4,1.49,1.34,0.46,-0.8,1.52,0.21,0.33,-0.82,0.82,0.39,0.51,-0.24,0.11,-0.04,Blend,"1,06,769",10,High,AAA,--,--,Average,Above Average,4.24,1.24,1.78,1.02,1.94,1.03,0.79,19.35,19.29,19.38,17.43,"5,000",--,"Rohit Lakhotia (2.4), Darshil Dedhia (1.8), Manasvi Shah (0.2)"
Kotak Debt Hybrid Fund - Direct Plan,Direct,4,5.98,Moderately High,HY-CH,0.48,01/01/13,"3,124",-0.11,-0.13,2.17,3.46,5.98,11.39,11.86,10.85,--,--,10.16,10.61,11.02,--,--,6.37,14.47,11.56,1.22,12.43,15.18,14.79,5.71,15.4,12.69,2.45,0.43,5.48,3.1,5.66,3.42,4.72,5.24,-1.04,0.63,3.34,0.05,0.6,0.06,-0.16,-2.39,3.27,2.08,1.32,-0.08,-0.15,-1.38,1.61,1.38,0,-0.84,1.08,0.25,0.74,-0.61,0.84,0.75,0.31,-0.2,-0.18,-0.15,Growth,"2,23,424",24.23,High,AAA,21.6,7.29,Above Average,High,4.58,1.05,1.56,1.15,1.03,0.84,0.86,68.51,68.45,68.95,63.29,100,1.00 (180),"Shibani Sircar Kurian (1.1), Abhishek Bisen (12.9)"
LIC MF Conservative Hybrid Fund - Direct Plan,Direct,1,6,Moderately High,HY-CH,1.42,09/01/13,49,0.23,1.19,2.32,3.93,6,7.74,7.16,7.46,--,--,7.81,7.26,7.39,--,--,4.8,11.28,7.53,1.95,9.99,11,8.3,1.86,8.26,9.21,1.94,0.68,2.9,1.01,3.45,1.46,3.74,4.03,-0.18,0.25,4.02,-1.13,0.97,0.04,0.32,-1.38,1.33,1.51,1.56,0.89,-0.62,-1.32,0.81,1.62,-0.07,-0.68,0.51,0.51,0.31,-0.46,0.48,0.38,0.35,0.34,-0.02,0.36,Growth,"5,90,080",17,High,AAA,5.25,6.57,Above Average,Low,3.38,0.34,0.52,0.85,-1.61,-1.47,0.85,92.36,92.21,92.36,86.55,"5,000",1.00 (90),"Pratik Harish Shroff (2.1), Karan Doshi (0.3)"
Nippon India Conservative Hybrid Fund - Direct Plan,Direct,5,10,High,HY-CH,1.09,01/01/13,918,0.24,1,2.92,5.63,10,9.98,9.55,6.58,--,--,9.99,9.5,7.05,--,--,7.15,10.21,10.27,4.94,3.6,-7.95,10.74,5.44,11.14,8.43,2.23,2.67,3.26,1.94,2.82,2.29,2.56,2.96,0.45,2.03,3.84,1.62,0.44,0.24,0.68,-0.26,1.6,1.57,1.16,1.07,0.32,0.3,0.99,1.33,0.36,-0.18,0.19,0.37,0.38,0.02,0.29,0.35,0.42,0.16,0.14,0.14,Growth,"4,92,691",--,Medium,AA,1.74,8.32,Low,Average,1.93,1.71,2.93,0.46,1.8,0.02,0.76,65.94,65.84,65.94,59.74,"5,000",1.00 (365),"Sushil Budhia (5.8), Dhrumil Shah (4.2)"
Nippon India Conservative Hybrid Fund - Segregated Portfolio 1 - Direct Plan,Direct,--,--,Very High,HY-CH,1.09,--,34,--,--,--,--,--,--,--,--,--,--,--,--,--,--,--,--,--,--,--,--,--,--,--,--,--,--,--,--,--,--,--,--,--,--,--,--,--,--,--,--,--,--,--,--,--,--,--,--,--,--,--,--,--,--,--,--,--,--,--,--,--,--,--,--,Low,B,--,--,--,--,--,--,--,--,--,--,--,4.08,--,--,--,"5,000",--,"Sanjay Parekh (5.7), Sushil Budhia (5.7)"
Nippon India Conservative Hybrid Fund - Segregated Portfolio 2 - Direct Plan,Direct,--,--,High,HY-CH,1.11,--,--,--,--,--,--,--,--,--,--,--,--,--,--,--,--,--,--,--,--,--,--,--,--,--,--,--,--,--,--,--,--,--,--,--,--,--,--,--,--,--,--,--,--,--,--,--,--,--,--,--,--,--,--,--,--,--,--,--,--,--,--,--,--,--,--,--,--,--,--,--,--,--,--,--,--,--,--,--,--,--,--,--,"5,000",--,"Sanjay Parekh (5.7), Sushil Budhia (5.7)"
Nippon India Retirement Fund - Income Generation Scheme - Direct Plan,Direct,2,4.66,Moderately High,HY-CH,0.98,11/02/15,150,0.35,0.01,1.06,1.64,4.66,9.77,8.13,8.36,--,--,8.42,8.44,8.32,--,--,--,11.97,7.9,5.54,8.99,11.94,6.01,3.07,11.45,12.23,3.06,0.5,5.26,1.94,3.34,4.38,3.91,4.23,-0.63,1.12,2.75,-0.63,0.26,0.19,-0.37,-1.34,2.87,2.28,1.29,-0.82,0.27,-1.96,1.08,0.73,-0.68,-0.82,1.06,0.44,0.41,-0.65,0.65,0.29,0.37,-0.19,-0.56,0.25,Growth,"4,25,697",--,High,GOI/Cash,17.78,7.08,High,Below Average,4.36,0.76,1.23,1.01,0.01,0.02,0.73,23.19,23.15,23.29,21.82,500,--,"Pranay Sinha (4.6), Ashutosh Bhargava (1.6)"
Parag Parikh Conservative Hybrid Fund - Direct Plan,Direct,5,7.84,Moderately High,HY-CH,0.34,26/05/21,"3,097",0,0.5,1.92,3.52,7.84,12.15,--,--,--,--,10.95,--,--,--,--,--,--,--,--,--,--,--,7.87,14.03,12.72,2.9,1.47,2.99,4.98,3.94,4.44,3.59,4.24,0.04,1.95,3.36,1.08,0.19,0.03,0.92,-0.62,1.66,1.83,1.3,0.19,0.36,-0.76,1.49,0.9,-0.05,-0.54,0.37,0.31,0.35,0.2,0.63,0.17,0.13,0.25,-0.02,0.03,Blend,"1,93,494",--,High,AAA,5,6.97,Low,High,3.09,1.7,2.74,0.61,3.25,0.77,0.52,15.58,15.56,15.59,14.39,"5,000",1.00 (365),"Mansi Kariya (1.9), Rajeev Thakkar (4.5), Rukun Tarachandani (3.5), Raunak Onkar (4.5), Raj Mehta (4.5), Tejas Soman (0.2)"
SBI Conservative Hybrid Fund - Direct Plan,Direct,4,6.52,High,HY-CH,1.05,01/01/13,"9,953",-0.22,0.78,2.45,5.14,6.52,10.68,11.16,9.81,--,--,9.86,10.07,10.07,--,--,9.31,13.73,9.47,0.8,8.72,14.24,14.72,5.09,12.78,11.55,2.06,0.48,5.47,3.45,2.88,2.84,5.26,3.68,-0.61,0.59,4.04,0.65,-0.03,0.01,-0.59,-1.5,2.72,1.54,1.57,0.87,0.14,-0.37,0.88,1.48,0.43,-0.47,0.51,0.39,0.23,-0.39,0.57,0.17,0.22,0.14,0.53,-0.11,Growth,"62,603",--,High,AAA,--,--,Below Average,Above Average,3.36,1.19,1.98,0.82,1.32,0.44,0.8,81.05,81.05,81.23,74.32,"5,000",1.00 (365),"Mansi Sajeja (4.4), Saurabh Pant (3.9), Milind Agrawal (0.3)"
SBI Magnum Children's Benefit Fund - Savings Plan - Direct Plan,Direct,5,4.2,Moderately High,HY-CH,0.85,01/01/13,130,0.12,0.85,1.66,2.93,4.2,12.98,13.6,12.25,--,--,11.26,11.59,11.61,--,--,7.96,16.91,25.14,1.3,3.5,15.73,18.9,2.33,17.36,17.81,1.04,0.23,6.68,4.85,4.69,2.14,6.49,7.25,0.99,-1.14,3.42,-0.13,0.86,0.23,-1.7,-1.91,2.53,1.55,1.52,0.32,0.28,-0.84,0.44,0.81,0.26,-0.42,0.68,0.1,0.35,-0.49,0.33,-0.14,0.06,0.02,0.38,0.58,Growth,"14,047",--,High,AAA,--,--,Average,High,4.44,1.34,2.01,0.89,3.04,0.88,0.54,120.81,121.04,121.04,112.54,"5,000",3.00 (365),"Lokesh Mallya (0.4), Rama Iyer Srinivasan (4.8)"
SBI Retirement Benefit Fund - Conservative Hybrid Plan - Direct Plan,Direct,2,3.92,High,HY-CH,1.17,10/02/21,288,-0.42,-0.21,1.91,3.26,3.92,10.13,--,--,--,--,8.5,--,--,--,--,--,--,--,--,--,--,--,5.67,15.85,9.89,1.86,0.44,6.88,2.98,4.8,2.29,6.36,3.64,-2.55,-0.06,4.95,-1.33,0.55,-0.88,-0.56,-2.97,3.57,1.79,2.37,0.71,-0.98,-1.16,0.81,1.6,0.37,-0.86,0.52,0.35,1.12,-1.12,0.82,0.52,0.2,-0.03,0.04,-0.6,Growth,"1,78,204",--,High,AAA,--,--,High,Above Average,5.28,0.7,0.97,1.34,-0.67,0.2,0.88,16.08,16.05,16.2,14.82,"5,000",--,"Ardhendu Bhattacharya (4.4), Rohit Shimpi (4.1)"
SBI Retirement Benefit Fund - Conservative Plan - Direct Plan,Direct,3,5.01,Moderately High,HY-CH,0.91,10/02/21,175,-0.13,-0.32,1.08,2.07,5.01,8.91,--,--,--,--,7.8,--,--,--,--,--,--,--,--,--,--,--,5.42,11.86,9.51,1.6,1.29,4.77,2.2,3.15,2.64,3.84,3.52,-0.75,1.26,3.69,-0.88,0.46,-0.1,0.04,-1.5,2.77,1.82,1.82,0.02,-0.45,-1.2,0.78,1.05,-0.1,-0.53,0.5,0.16,0.69,-0.47,0.62,0.5,0.11,-0.17,-0.1,-0.28,Growth,"1,78,618",--,High,AAA,--,--,Average,Below Average,3.43,0.73,1.08,0.86,-0.3,-0.53,0.85,14.7,14.68,14.78,13.79,"5,000",--,"Ardhendu Bhattacharya (4.4), Rohit Shimpi (4.1)"
Sundaram Conservative Hybrid Fund - Direct Plan,Direct,2,4.57,Moderately High,HY-CH,0.86,08/01/13,21,0.08,0.53,1.46,1.22,4.57,8.14,8.93,7.73,--,--,7.27,7.86,7.71,--,--,8.91,10.56,13.1,0.41,1.7,8.32,15.39,3.75,10.14,9.07,2.88,0.34,3.99,1.63,3.86,2.58,3.09,3.88,-0.65,1.09,2.62,-1.02,0.41,0.07,-0.31,-1.14,2.57,2.36,0.3,-0.04,-0.26,-1.33,0.57,1.3,0.01,-0.58,0.75,0.21,0.33,-0.57,0.4,0.41,0.45,-0.07,-0.05,-0.01,Growth,"5,92,600",--,High,GOI/Cash,11.06,6.56,Above Average,Below Average,3.59,0.47,0.86,0.91,-1.29,-1.19,0.87,32.88,32.81,32.94,31.05,"5,000",--,"Bharath S. (3.5), Ashish Aggarwal (3.9), Sandeep Agarwal (12.8), Dwijendra Srivastava (12.8)"
Tata Retirement Savings Fund - Conservative Plan - Direct Plan,Direct,2,4.91,Moderately High,HY-CH,0.98,01/01/13,175,-0.27,0.2,1.53,4.05,4.91,9.73,8.47,9.25,--,--,8.77,8.46,8.72,--,--,7.84,12.09,16.98,2.29,8.88,13.19,8.87,1.3,13.37,11.13,1.3,0.03,5.02,3.33,4.43,1.83,5.43,4.04,-0.41,-1.47,5.59,-1.13,0.54,0.18,-1.58,-2.39,2.57,2.1,2.03,1.36,-0.79,-0.87,0.54,1.45,0.18,-0.84,0.95,0.28,0.45,-1.11,0.56,0.6,0.5,0,-0.22,-0.16,Growth,"1,40,408",4,High,AAA,6.3,6.45,High,Below Average,4.32,0.73,1,1.05,-0.29,-0.06,0.8,37.46,37.43,37.66,34.47,"5,000",1.00 (1829),"Sonam Udasi (9.6), Murthy Nagarajan (8.6)"
UTI Conservative Hybrid Fund - Direct Plan,Direct,3,6.39,Moderately High,HY-CH,1.24,01/01/13,"1,690",-0.1,0.49,1.85,3.64,6.39,10.48,10.57,9.02,--,--,9.86,9.8,9.29,--,--,7.73,9.72,13.36,4.07,3.53,10.92,13.83,3.91,11.96,12.21,2.39,-0.02,4.76,2.55,4.24,2.34,5.45,5.16,-1.02,1.06,3.9,-0.5,0.5,-0.17,-0.14,-1.47,2.7,2.06,1.26,0.53,-0.18,-0.98,0.67,1.58,0,-0.6,0.77,0.44,0.33,-0.78,0.56,0.5,0.48,0,-0.05,-0.07,Growth,"1,87,483",22,High,AAA,8.68,7.01,Average,Above Average,3.79,1.01,1.59,0.99,0.6,0.56,0.93,76.24,76.15,76.48,70.63,"5,000",1.00 (365),"Jaydeep Bhowal (2.6), Amit Kumar Premchandani (3.8)"
UTI Conservative Hybrid Fund Segregated Portfolio - Direct Plan,Direct,,,,,,,,--,--,--,--,--,--,--,--,--,--,--,--,--,--,--,--,--,--,--,--,--,--,--,--,--,--,--,--,--,--,--,--,--,--,--,--,--,--,--,--,--,--,--,--,--,--,--,--,--,--,--,--,--,--,--,--,--,--,--,--,--,--,--,--,Low,B,0.07,--,--,--,--,--,--,--,--,--,--,4.08,--,--,--,"5,000",--,"Ajay Tyagi (5.7), Amandeep Singh Chopra (5.7)"